"YEAR","biweek","minT","maxT","meanT","sdT","minP","maxP","meanP","totP","sdP","HMR","b","c","mu","PDR"
2009,1,17.65,22.36,20.405,1.47173058305211,0,3.42,0.355833333333333,4.27,0.995420955569993,1.79552394549021,0.20465966108311,0.322112623012776,0.140997594377895,0.0590390994756669
2009,2,8.69,21.78,16.5007142857143,3.39092786096103,0,0.9,0.0685714285714286,0.96,0.239835108190772,1.69905420276731,0.0306371138397359,0.145761114730066,0.149003225765068,0.0294661093755813
2009,3,9.18,22.33,16.9357142857143,4.12979923945968,0,11.01,0.81,11.34,2.93707861134679,1.71306324295523,0.0404825795880189,0.163590030299216,0.147784711395294,0.0323048958626324
2009,4,16.83,22.98,20.52,1.92709027372278,0,0.01,0.000714285714285714,0.01,0.00267261241912424,1.79737418426979,0.21231570493902,0.327597444530753,0.140852449744558,0.0600122682381975
2009,5,13.26,21.76,18.9085714285714,2.61759095688811,0,0,0,0,0,1.76621791710944,0.115425878645996,0.251523473089009,0.143337101560123,0.046769706444
2009,6,20.57,24.12,22.2421428571429,1.11035807510238,0,17.11,3.79357142857143,53.11,6.46822007039965,1.81758201311566,0.333437721852061,0.409812215005948,0.139286455926166,0.0749363689212419
2009,7,21.1,26.5,23.9535714285714,2.12256596216378,0,3.07,0.222142857142857,3.11,0.819692048848258,1.82148150208918,0.455197389803727,0.489575427697649,0.138988266788136,0.0901870058687306
2009,8,16.35,25.53,22.7485714285714,3.00358211049831,0,0.3,0.0378571428571429,0.53,0.0869286684966094,1.82059223612056,0.369784716641924,0.433760004332237,0.139056155430766,0.0794193541310578
2009,9,21.65,24.9,23.8535714285714,0.927963917923015,0,9.18,1.23428571428571,17.28,3.13672959106655,1.82177165598551,0.448207055497471,0.485026330865005,0.138966130102114,0.0892899037540014
2009,10,24.68,27.56,26.36,0.880305890891604,0,6.72,1.08071428571429,15.13,2.04911412110665,1.79078698123716,0.612643469183928,0.591714025531918,0.141370559209185,0.11172069354229
2009,11,23.57,26.76,25.7978571428571,0.87482023271095,1.25,60.49,14.0185714285714,196.26,14.4496376622886,1.80240212460251,0.578226396312748,0.569399658167414,0.140459530926183,0.106723858628672
2009,12,26.1,28.98,27.1514285714286,1.02367255238455,0.01,30.33,8.295,116.13,10.4277364975117,1.76924072930806,0.657654523777969,0.620991564492929,0.143092204903646,0.118677463983187
2009,13,26.15,30.53,28.2692857142857,1.04334863474602,0.03,68.91,8.795,123.13,17.7882086052704,1.72771108727382,0.712550386259245,0.65710275635193,0.14653176611924,0.128274481568249
2009,14,27.4,29.9,28.5521428571429,0.789022555702049,0,38.12,6.59785714285714,92.37,10.7891599292077,1.71505220094417,0.724487260840856,0.665085174764862,0.147613324435637,0.130647482593516
2009,15,27.36,29.47,28.5921428571429,0.68622914508234,0.01,13.13,3.05214285714286,42.73,3.87122953748136,1.71319074251569,0.726102323132945,0.666172038597214,0.147773712920181,0.130980963191644
2009,16,27.93,29.67,28.905,0.560381051675486,0,8.96,2.50642857142857,35.09,2.58085438191684,1.69801979016953,0.738083142270093,0.674296402113461,0.149093996682306,0.133570204003388
2009,17,26.65,29.46,28.7057142857143,0.664237148171487,0,71.94,8.35071428571429,116.91,18.5261974446523,1.70780895861404,0.730586960686603,0.669199376986179,0.14823938923911,0.13192485677069
2009,18,26.62,29.38,28.4021428571429,0.77468781376191,2.05,14.19,6.96785714285714,97.55,4.58258270909694,1.7218751383554,0.718266536362802,0.660915895847765,0.147028406022418,0.129392245440247
2009,19,27.41,29.06,28.2685714285714,0.474744581414488,0.01,25.2,6.56428571428571,91.9,6.8182184840839,1.7277419385232,0.71251914515617,0.657081956613023,0.146529149589562,0.128268457328196
2009,20,25.5,28.86,27.955,1.06932581204593,0,11.23,3.73571428571429,52.3,3.39043385988309,1.74074616136357,0.698296553302622,0.647652401265248,0.145434505375393,0.125609265286841
2009,21,18.11,29.65,27.7464285714286,3.16404465382974,0,5.23,0.386428571428571,5.41,1.39427183721251,1.74880387495907,0.688301448554896,0.641063502340144,0.144764407597136,0.123825309997047
2009,22,20.3,28.24,26.0764285714286,2.05754748386317,0,10.43,2.40214285714286,33.63,3.6647870723569,1.79701517730266,0.595508091477293,0.580600834776508,0.140880589190141,0.109204691010342
2009,23,18.9,26.69,23.8928571428571,2.74288009376845,0,4.3,0.680714285714286,9.53,1.40226445594103,1.82166597947238,0.450956122594283,0.48681559194658,0.138974191654691,0.0896422903179768
2009,24,15.24,25.14,22.1285714285714,3.17810262007637,0,60.81,5.97214285714286,83.61,16.8379526338893,1.81671115348453,0.325288255698853,0.404415968364706,0.139353224356246,0.0739357791104623
2009,25,19.91,25.85,23.6892857142857,1.89421980807896,0,5.1,1.33214285714286,18.65,1.77430887334251,1.82209854948669,0.436672709782106,0.477515383826912,0.138941198890338,0.0878170352703863
2009,26,13.61,25.06,19.6835294117647,4.00068734903215,0,41.29,4.32235294117647,73.48,11.549786539917,1.78259028861287,0.158892977582511,0.287858299046379,0.142020608201017,0.0530242498034146
2010,27,4.63,22.16,12.6429411764706,5.10663265360095,0,11.67,1.65705882352941,28.17,3.64356755925062,1.53376711218598,0.00138482005224841,0.0366526300502242,0.165060624230758,0.0107507734606136
2010,28,15.89,24.51,20.565,3.02092382711494,0,5.53,0.870714285714286,12.19,1.83291052400574,1.79808204390604,0.215336454624267,0.329744977158402,0.140796999680875,0.0603941362092851
2010,29,11.4,22.28,17.2878571428571,4.12262832252852,0,51.61,5.39642857142857,75.55,13.9425814887857,1.72378211707208,0.0500959684860534,0.178566182926187,0.146865752031375,0.034706639424036
2010,30,11.73,22.13,15.8514285714286,3.24065011792591,0,14.66,1.97357142857143,27.63,4.08383418472783,1.67651589046389,0.0197531890201307,0.120875058836301,0.151006356934663,0.0255078143657434
2010,31,12.09,24.27,17.5985714285714,3.93870899806378,0,23.87,2.16357142857143,30.29,6.40765600625576,1.73278752147735,0.0598346485946014,0.192114560624753,0.146102481593462,0.0368983423556143
2010,32,16.14,23.71,19.4557142857143,2.38886427564911,0,10.43,2.13714285714286,29.92,3.088533205688,1.77804067017713,0.145447929459226,0.277117532078783,0.142384007974804,0.051160600688945
2010,33,17.9,25.01,22.0192857142857,2.4182207836014,0,27.87,3.15,44.1,8.32620885194179,1.81580769607116,0.317447627190905,0.399216311025368,0.139422559729092,0.0729747717586558
2010,34,21.26,26.55,23.145,1.33399198475276,0,27.57,3.54071428571429,49.57,7.55421478308705,1.82190361938324,0.398111990944953,0.452336320629198,0.138956064562695,0.0829491180494896
2010,35,22.43,28.07,26.1121428571429,2.08048507129182,0,34.54,2.57214285714286,36.01,9.20695487834431,1.79627259655322,0.597692399715743,0.582016986308425,0.14093882935575,0.109522123663495
2010,36,25.71,27.28,26.7042857142857,0.44928514649067,0,14.31,2.81928571428571,39.47,5.10556327682131,1.78218259490016,0.632764325033011,0.60478190456699,0.142053096964628,0.114760122364213
2010,37,26.47,29.56,27.7828571428571,1.09540599127186,0,27.61,7.36428571428571,103.1,7.05786600379127,1.7474303756476,0.690076781549578,0.642231869805251,0.144878193998546,0.124137719866406
2010,38,28.24,29.96,29.3321428571429,0.43322011764191,0,19.19,4.19642857142857,58.75,5.64858812467309,1.67555410125355,0.752437289226006,0.684244598892499,0.151093036490211,0.137046602656265
2010,39,27.12,30.07,29.1228571428571,0.923292007908729,0.18,16.67,5.29,74.06,5.33800020174655,1.68681419473248,0.745705621159448,0.67954201956592,0.150084435945938,0.135352159760157
2010,40,27.49,29.74,28.825,0.709211371334928,0,15.57,4.53928571428571,63.55,5.84950946567411,1.70200242951739,0.735132062815261,0.672283790463313,0.14874512078917,0.132911414259908
2010,41,27.71,29.84,29.0835714285714,0.544844468179217,0,24.09,3.56857142857143,49.96,6.44209934385088,1.68887378425238,0.744376764717936,0.67862201206701,0.149901407270701,0.135032159166457
2010,42,26.76,30.11,28.8714285714286,1.13277641994456,0.02,38.74,10.0792857142857,141.11,14.406624258565,1.69969972476067,0.736854380644358,0.673457365546187,0.148946636440547,0.133294030894053
2010,43,28.24,29.95,29.1664285714286,0.499609187925263,0,14.69,4.79357142857143,67.11,4.62178055455963,1.68450991419281,0.747155630395182,0.680548785177228,0.150289739958781,0.135706365959842
2010,44,27.77,29.21,28.4928571428571,0.464218591935848,0.03,41.49,10.405,145.67,13.1610893575313,1.71777859336987,0.722059139081158,0.663454835082133,0.147379038217828,0.130152240480344
2010,45,27.43,29.19,28.0628571428571,0.471714199186632,0,15.77,5.02714285714286,70.38,5.7538501204664,1.73639433561928,0.70330079246399,0.650961962350854,0.145798999552561,0.126527135002721
2010,46,24.05,28.73,25.6907142857143,1.33435357029142,0,78.96,10.7685714285714,150.76,26.6084780755027,1.80428584604091,0.571469431864449,0.565021037907855,0.140312887515876,0.105767622491587
2010,47,23.83,27.01,25.2992857142857,1.04179921501007,0,20.06,2.64928571428571,37.09,5.44297495618218,1.81030639232902,0.546306443594584,0.548715208123478,0.13984624814605,0.10226631107007
2010,48,14.82,27.79,23.9342857142857,4.4033251671291,0,34.78,4.97928571428571,69.71,9.01102612127175,1.82154289647688,0.45385113730227,0.48869949073074,0.138983582243207,0.0900139637431962
2010,49,18.44,23.97,21.6371428571429,1.59218006602186,0,1.28,0.0935714285714286,1.31,0.341526148179184,1.81215711405557,0.290094313647735,0.380991763145598,0.139703425822416,0.0696295683555331
2010,50,16.53,24.95,21.6614285714286,3.2393989403137,0,0.92,0.16,2.24,0.294644505489895,1.81241140225752,0.29182613579779,0.38215152886996,0.139683824901282,0.0698414186451047
2010,51,7.23,20.23,14.2028571428571,4.18773195191608,0,18.53,1.45928571428571,20.43,4.92812253888251,1.60997440828062,0.00562664534870108,0.069099627029432,0.157247565961246,0.0169521479885137
2010,52,8.49,21.59,15.97,3.96132209335125,0,5.8,0.483333333333333,5.8,1.67431578064991,1.68078049876388,0.021442512601693,0.125253240838334,0.150623211744909,0.0262061989266773
2011,53,12.32,21.84,18.52375,3.11622180425806,0,1.85,0.115625,1.85,0.4625,1.75714921141383,0.0965937203431425,0.233753891509413,0.144076869122757,0.0437686096546204
2011,54,13.38,22.97,18.3328571428571,3.60135108956759,0,46.27,5.32928571428571,74.61,12.9631124374486,1.75241971741106,0.0880570175795833,0.225024419855011,0.144465709011788,0.0423087965818475
2011,55,13.9,23.94,20.7257142857143,3.03328893418378,0,2.88,0.242142857142857,3.39,0.767785813196008,1.80053531711435,0.22622325660254,0.337419745752157,0.140605160340738,0.0617622915864732
2011,56,16.71,23.76,21.2207142857143,2.13168934194208,0,0.15,0.0114285714285714,0.16,0.0399725180317953,1.80734127950017,0.260585376913609,0.361086455567879,0.14007567902839,0.0660140367999611
2011,57,15.4,24.28,21.2307142857143,2.50520831096312,0,10.39,1.12,15.68,2.79969778588827,1.80746684619848,0.261289866884551,0.361564701768184,0.140065947817792,0.0661004643514379
2011,58,19.86,25.75,22.0457142857143,1.55782251524716,0,0.76,0.0542857142857143,0.76,0.203118543853443,1.81603201283728,0.31934379026611,0.400474333515073,0.13940533821675,0.0732070039543296
2011,59,22.92,26.59,25.0728571428571,0.960820391215665,0,21.77,3.84857142857143,53.88,7.70639779877519,1.81319022541911,0.531435582437398,0.539076320191673,0.139623826233405,0.100236535650429
2011,60,24.02,25.95,25.2235714285714,0.553473050457217,0,6.01,0.757142857142857,10.6,1.70832094161502,1.81131856525296,0.541358127152138,0.5455081697706,0.139768101436464,0.101587877108356
2011,61,24.33,28,26.2185714285714,1.01018549052871,0,18.63,3.20714285714286,44.9,6.38218364918059,1.79398858826207,0.604157572262691,0.586209265822378,0.141118264975854,0.110467151198836
2011,62,24.36,27.88,26.2007142857143,1.14668394334885,0,9.54,1.24,17.36,2.7825057882309,1.79437928011139,0.603077478182711,0.585508807603148,0.141087539166363,0.110308688468468
2011,63,26.29,27.39,26.825,0.293827526594456,0,7.51,0.827857142857143,11.59,2.19395034854213,1.77888819548817,0.639627760031793,0.609246202072449,0.142316171192845,0.11582128631506
2011,64,26.95,29.08,28.1142857142857,0.653955000636238,0,7.99,2.21785714285714,31.05,3.22124242292516,1.73427465040848,0.705646174066353,0.652515903038044,0.145977199691177,0.126963631206843
2011,65,26.96,29.3,28.0442857142857,0.71514080685301,0,21.81,9.00571428571429,126.08,6.61237850176088,1.73715268441486,0.702447332331128,0.650396961728349,0.145735351436481,0.126369324936149
2011,66,25.58,29.07,28.23,0.960480648906097,0.01,52.37,8.17928571428571,114.51,14.4933249698376,1.72939958475855,0.710824160277334,0.655954084272975,0.146388699981891,0.127942918117481
2011,67,28.57,29.73,29.1985714285714,0.390716445340276,0,7.25,2.67857142857143,37.5,2.67757599085688,1.68279655343056,0.748209164294268,0.681282228858804,0.150442759373331,0.135967186509827
2011,68,27.82,29.96,28.9642857142857,0.614200096256715,0,17.24,7.36428571428571,103.1,6.05043382333444,1.69502255038269,0.740218244004677,0.675758325388364,0.149357633563558,0.134056900471177
2011,69,27.79,29.79,28.8385714285714,0.600574816230343,0.83,33.76,8.86714285714286,124.14,9.63274577723253,1.70133180528604,0.735638237506168,0.672628412901024,0.148803752551644,0.1330233365978
2011,70,26.91,29.35,28.4278571428571,0.690832035373941,0,29.56,8.86,124.04,8.45304769799718,1.72072313753135,0.719350825649822,0.661640988225088,0.147126839547953,0.129607945831997
2011,71,27.57,28.98,28.2642857142857,0.434027902075685,0,36.1,6.91642857142857,96.83,9.62845031635442,1.7279269283036,0.712331585560033,0.656957091732703,0.146513462354898,0.128232308620266
2011,72,24.45,27.89,26.4228571428571,1.07481253157096,0,59.14,8.40428571428571,117.66,16.5214358261696,1.78930239115933,0.616374665042176,0.59413566800757,0.141487854827039,0.112276940763028
2011,73,20.24,27.7,24.7457142857143,2.57644571599569,0,69.38,11.3292857142857,158.61,19.6933000962591,1.81661323810143,0.509587124005641,0.524907568636559,0.139360735489636,0.0973003290115981
2011,74,21.03,26.54,24.0714285714286,1.66032831388557,0,34.33,7.55357142857143,105.75,12.9650195687312,1.82104925257653,0.463404159168193,0.494913517151432,0.139021257444757,0.0912447535618553
2011,75,19.83,26.63,23.7785714285714,1.97930779331041,0,17.12,1.73214285714286,24.25,4.55628590068613,1.82194379010251,0.442948869154245,0.481603049792335,0.138953000821053,0.0886173490873169
2011,76,17.99,24.65,21.9235714285714,2.0768489710019,0,3.73,0.607857142857143,8.51,1.23860454092144,1.81496444425567,0.310583225962248,0.394657329388854,0.139487336935601,0.0721346365421179
2011,77,19.39,23.99,22.33,1.26381595544239,0,5.5,0.975,13.65,1.92823454526115,1.81820745290958,0.339743782268803,0.413980983826595,0.139238543190932,0.075711681210253
2011,78,16.05,23.74,21.4230769230769,2.51558603051517,0,0.01,0.000769230769230769,0.01,0.00277350098112615,1.80978804143537,0.274881339038959,0.370762820245039,0.139886302244122,0.0677668678813654
2012,79,9.25,22.2,17.2186666666667,3.73446470952219,0,1.33,0.101333333333333,1.52,0.343404523363724,1.72171932668519,0.0480901261661833,0.175588615668842,0.147041711757653,0.0342274789108669
2012,80,18.42,24.06,21.4564285714286,1.91056418225232,0,2.02,0.147142857142857,2.06,0.539150736328456,1.81017210079082,0.277243264673721,0.372357111102965,0.139856622942881,0.0680565171073775
2012,81,12.61,23.59,21.5507142857143,3.25161135033484,0,32.91,5.74,80.36,10.0529306863529,1.81122808378576,0.283939506010977,0.376863077230131,0.139775083672991,0.0688764908650078
2012,82,16.27,24.94,22.0664285714286,2.31668731379315,0,4.33,0.364285714285714,5.1,1.15970629097142,1.81620523445272,0.320829861337425,0.401460094682841,0.139392042352698,0.0733890994223155
2012,83,18.39,25.7,23.4442857142857,2.21374279058276,0,5.76,1.48,20.72,2.15797269534305,1.82224880764251,0.419373285560048,0.466234022345243,0.138929742140729,0.0856232741202248
2012,84,22.65,24.99,23.25,0.677461324470885,0,22.27,1.92857142857143,27,5.89071088454311,1.82208948979804,0.405584233869317,0.457225691566852,0.138941889725781,0.0838864986507053
2012,85,21.7,25.42,23.7935714285714,1.10522957686737,0,4.98,0.746428571428571,10.45,1.35866227842433,1.82191245713251,0.444001533676122,0.482288474052466,0.138955390513372,0.0887518397893593
2012,86,22.17,24.75,23.5171428571429,0.882700651161219,0,41.75,5.66214285714286,79.27,11.678402932548,1.82224559637012,0.424527695661499,0.469598361639738,0.138929986971199,0.0862752585005644
2012,87,18.63,25.55,23.1835714285714,2.21291526183086,0,45.48,8.34857142857143,116.88,15.5324097180171,1.82197992719115,0.400858057017022,0.454134043085189,0.138950244831904,0.0832933534076357
2012,88,24.8,26.59,25.64,0.577088181503285,0,47.33,10.9628571428571,153.48,14.1905501755821,1.80514164545215,0.568250791643452,0.562935387334836,0.140246366593915,0.105314647438306
2012,89,25.43,28.13,26.7135714285714,0.829018020986805,0,36.33,10.2314285714286,143.24,12.4781771703445,1.7819343515292,0.633295896266886,0.605127544892857,0.142072886548692,0.11484183880122
2012,90,26.37,29.25,27.7892857142857,0.90939933079871,0,18.49,3.20857142857143,44.92,5.6697549223155,1.74718651074693,0.690388767825038,0.642437290453327,0.144898415483872,0.124192815303679
2012,91,25.28,28.96,27.4471428571429,1.31427329186676,0,44.24,9.77142857142857,136.8,14.1472986587779,1.75955081168581,0.673262653668764,0.631194037257599,0.143880219474578,0.121246136514391
2012,92,26.39,28.52,27.4864285714286,0.798273205043305,0,34.92,7.68785714285714,107.63,9.43219215777005,1.75819442333266,0.675281404720354,0.632516418418384,0.143991218264788,0.121585918604531
2012,93,26.25,28.89,28.1807142857143,0.846662808967013,0,33.75,5.89142857142857,82.48,11.4701746061037,1.73149393225538,0.708635759783312,0.654499612665424,0.146211633922541,0.127526299430732
2012,94,26.63,29.4,28.4114285714286,0.710761857152181,0,29.53,5.72571428571429,80.16,7.95134890760992,1.72145997945094,0.718658920910629,0.661178223937993,0.147063864384911,0.129470161575757
2012,95,25.3,29.39,28.2292857142857,1.16061962420421,0,116.07,14.7635714285714,206.69,31.1261237318659,1.72943012787899,0.710792624676317,0.655933111227632,0.146386114640267,0.127936885367408
2012,96,26.98,28.73,28.1092857142857,0.53491141302109,0,22.68,3.91142857142857,54.76,6.6243221506841,1.73448199860709,0.705419321208939,0.652365517383833,0.145959748884874,0.126921227602062
2012,97,26.57,28.45,27.4671428571429,0.619918463266663,0.09,41.51,12.095,169.33,11.0485562927401,1.75886232571705,0.674292026777318,0.631868241756208,0.143936539694098,0.121419161240479
2012,98,26.56,28.44,27.4764285714286,0.549007596176356,0.03,36.58,6.63214285714286,92.85,9.94251336323075,1.75854123426892,0.674768791073801,0.632180566251425,0.143962821018111,0.121499462636788
2012,99,25.21,27.66,26.4407142857143,0.708904510068602,0,10.21,2.58785714285714,36.23,3.22025364163811,1.78887365938605,0.617430104245678,0.594820783196246,0.141521764621942,0.112434862209969
2012,100,17.58,25.76,22.1028571428571,2.79375520256663,0,21.92,3.375,47.25,7.86346248847747,1.81650431483219,0.323443394364444,0.403193110192173,0.139369091994374,0.0737094958045603
2012,101,17.17,23.73,21.775,2.01012341756574,0,2.1,0.407857142857143,5.71,0.735005793503369,1.81356083534942,0.299939614446225,0.387572691534893,0.139595293429045,0.0708335041703778
2012,102,17.76,22.38,20.0928571428571,1.88368472199254,0,8.61,1.045,14.63,2.3859000881783,1.79020635922849,0.184330773824491,0.307254866970706,0.141416410268551,0.0564163791431081
2012,103,21.4,26.14,23.2092857142857,1.56926471898203,0,10.09,1.32071428571429,18.49,2.65623928569268,1.82202562968659,0.402687592283518,0.455331482740742,0.13894675949513,0.0835229143799317
2012,104,13.24,22.91,19.408,3.03671391944836,0,0.03,0.00266666666666667,0.04,0.0079880863671798,1.77705988725797,0.142695156544825,0.274873649980801,0.142462591597102,0.0507725371509053
2013,105,21.16,24.94,23.344,1.12240685264174,0,1.47,0.205333333333333,3.08,0.430263485165389,1.82219679912228,0.41226273028492,0.461590619867431,0.138933707426097,0.0847264381219289
2013,106,16.91,23.01,20.8392857142857,1.83977617487193,0,5.98,0.689285714285714,9.65,1.75580997870461,1.8021978338773,0.234006981008601,0.342847068181368,0.140475452918151,0.0627330648593771
2013,107,17.52,24.13,21.0892857142857,2.50818801983766,0,0.01,0.000714285714285714,0.01,0.00267261241912424,1.80564652203893,0.25136278590299,0.354800782887721,0.140207152325779,0.0648800334305203
2013,108,11.83,25.3,21.6635714285714,4.13754034540935,0,23.58,3.06714285714286,42.94,7.78391183894599,1.81243369637572,0.291979018053659,0.382253852909877,0.139682106699005,0.0698601163480169
2013,109,12.2,26.02,18.3414285714286,4.02189365491289,0,3.82,0.412142857142857,5.77,1.01388952949618,1.75263537139714,0.088429102766132,0.225415124872421,0.144447933148931,0.04237386522776
2013,110,17.54,26.38,21.4814285714286,2.67483962752294,0,15.17,1.55428571428571,21.76,4.07317248173142,1.81045638952418,0.279015402897684,0.373552046294853,0.139834661816163,0.0682737726881571
2013,111,14.2,24.21,20.585,3.2958569563807,0,48.44,5.13928571428571,71.95,13.3949706200532,1.79839371868621,0.216682878384731,0.330699649547245,0.140772598531411,0.0605640201889708
2013,112,23.26,27.46,26.1678571428571,1.1845945659652,0,12.69,3.295,46.13,4.74960200761803,1.79509026834014,0.601085160653132,0.5842168470455,0.141031658088213,0.110017011596009
2013,113,22.29,25.26,24.2057142857143,0.863247128228994,0,39.42,6.84214285714286,95.79,11.638371666816,1.82043559478028,0.472710276281888,0.500963424041223,0.13906812066734,0.0924504038257628
2013,114,22.81,27.06,25.205,1.43745367818343,0,1.8,0.236428571428571,3.31,0.51010718546139,1.81155944679966,0.540140604185764,0.544719039912374,0.139749516588744,0.101421421135942
2013,115,25.08,27.63,26.3328571428571,0.856184995928303,0,46.43,13.5828571428571,190.16,16.0086762190293,1.79141627880031,0.611024600610739,0.590663528582819,0.141320897860528,0.111480324252008
2013,116,26.31,28.88,27.7385714285714,0.7598365931907,0,28.99,7.48071428571429,104.73,10.3653160286422,1.74909824901329,0.687916881491902,0.640810543133505,0.14474004367956,0.123757882633248
2013,117,28.02,29.29,28.4592857142857,0.334697665770957,0,7.4,3.27142857142857,45.8,2.42246173945449,1.71930522744651,0.720666189463072,0.66252143232444,0.147248174972412,0.129871291870619
2013,118,26.87,28.35,27.5821428571429,0.468125206319003,1.07,41.74,9.86428571428571,138.1,10.5048990141126,1.75482129513891,0.680144123061212,0.63570467371828,0.14426799906254,0.122412230328737
2013,119,24.95,29.4,27.8535714285714,1.38284882728405,0,39.36,9.75,136.5,14.6721221788387,1.74472335282529,0.693487385082345,0.644478820974985,0.145102979536594,0.124743173020057
2013,120,27.98,29.55,28.8964285714286,0.413309478810643,0,7.13,2.695,37.73,2.41954143779989,1.69844989867178,0.737770776776738,0.674082945982853,0.149056240728681,0.133499730925203
2013,121,28.22,30.11,28.965,0.455644091876037,0,10.56,3.61214285714286,50.57,3.46224066748117,1.69498620126031,0.740243697915491,0.675775783844972,0.149360836550637,0.134062756326328
2013,122,25.8,29.12,27.8278571428571,0.973891311037472,0,12.78,5.60285714285714,78.44,4.7305820565134,1.74571396744191,0.692252592060412,0.643664984134685,0.145020640084012,0.124523160786979
2013,123,26.69,28.71,27.7142857142857,0.582774719446866,0,19.54,7.55714285714286,105.8,6.89197909342272,1.75000394039132,0.686724642970571,0.64002653068227,0.14466513538559,0.123549370983789
2013,124,26.66,28.83,27.7064285714286,0.721926984831964,0,31.08,5.30214285714286,74.23,8.86947503309172,1.75029560291177,0.686337765688507,0.639772189876075,0.144641028944405,0.123481879196281
2013,125,25.57,28.01,26.4928571428571,0.763165760514699,0,10.33,1.47357142857143,20.63,3.00825174668421,1.7876040246816,0.620500286527046,0.596814015143001,0.141622279580131,0.112895724683515
2013,126,23.87,27.89,25.4592857142857,1.3351949686827,0,12.76,0.942857142857143,13.2,3.40191898011295,1.80800657778964,0.556679212300235,0.555437141563959,0.140024134907479,0.103698839621014
2013,127,23.08,26.08,25.1871428571429,0.922867009099099,0,12.52,2.09571428571429,29.34,3.59010330746091,1.81178833277813,0.538968521935822,0.543959343850988,0.139731861819549,0.101261350503101
2013,128,17.8,25.91,23.3171428571429,2.64636013762715,0,60.07,11.01,154.14,17.4042010843536,1.82217188473539,0.410356075748148,0.460344711554545,0.138935607053771,0.0844863853788908
2013,129,20.47,25.28,23.9164285714286,1.4200737095867,0,4.3,0.613571428571429,8.59,1.3571384326128,1.82159741959262,0.452603795602685,0.487887841050458,0.138979422258208,0.0898537516932629
2013,130,19.9,25.92,23.1257142857143,2.0303986508365,0,25.48,3.44857142857143,48.28,7.53544634698912,1.82186199067942,0.396738139956574,0.451436766699931,0.138959239644499,0.0827770490975881
2014,131,13.45,24.71,21.792,3.24499878934602,0,4.44,1.132,16.98,1.48695374123455,1.81372721841858,0.301156903682867,0.388383780086054,0.139582487593015,0.0709821964877508
2014,132,11.32,23.21,16.6664285714286,3.84237628226408,0,4.13,0.426428571428571,5.97,1.12040931492336,1.70449235695799,0.034125825232858,0.152455556871449,0.148527833479904,0.0305298880613865
2014,133,19.79,25.43,23.4957142857143,1.74335094787955,0,22.05,3.27857142857143,45.9,6.99565343859793,1.8222501496174,0.42301272494664,0.468609662348103,0.13892963982754,0.0860834620172112
2014,134,16.29,24.91,21.6007142857143,2.98957538607258,0,31.1,2.37571428571429,33.26,8.28742951174174,1.81177010844171,0.28749886716067,0.379251806834089,0.139733267362365,0.0693119907101725
2014,135,18.57,24.89,22.0585714285714,2.1488274338949,0,12.45,1.86214285714286,26.07,4.1046393612246,1.81613979854158,0.320266191367989,0.401086212210093,0.139397064678239,0.0733200209418707
2014,136,19.79,26.15,23.0978571428571,1.92705106942598,0,3.22,0.303571428571429,4.25,0.882248936986147,1.8217977880957,0.394752748222493,0.450136608548673,0.138964136753429,0.0825285635889744
2014,137,18.14,25.11,22.4692857142857,1.99629450689064,0,18.72,2.22285714285714,31.12,5.38204483383468,1.81911138068939,0.34974764486152,0.420578715171073,0.139169354691235,0.0769429997205598
2014,138,20.53,26.15,24.2328571428571,1.83154171531665,0,13.29,3.05357142857143,42.75,4.54504735888478,1.82029566170165,0.474585250779044,0.502181945373636,0.139078811364832,0.092694144760751
2014,139,22.4,28.01,25.7914285714286,1.86927734758591,0,8.73,0.745,10.43,2.34246008093398,1.80251806317747,0.577822651356139,0.569138015940248,0.140450496521377,0.106666514538879
2014,140,22.54,27.6,25.9885714285714,1.58477301040417,0,34.6,3.67357142857143,51.43,9.32592714066366,1.798791319414,0.59010381632525,0.577097523191963,0.140741482477523,0.108423177629478
2014,141,24.69,27.57,26.4128571428571,1.04960379756751,0,10.98,1.595,22.33,3.25560286275829,1.78954113079769,0.615782733187329,0.593751449867556,0.141468979172989,0.112188484585083
2014,142,24.77,28.37,26.8207142857143,1.10285966947271,0,52.38,8.18071428571429,114.53,14.1302983061144,1.77900765861001,0.639385848932978,0.609088792782593,0.142306614441351,0.115783655240212
2014,143,26.04,28.6,27.5242857142857,0.871803738373356,0.46,26.9,7.84357142857143,109.81,8.1125596900901,1.75687190116584,0.67721422490346,0.633783165917099,0.144099610673964,0.121913003695816
2014,144,27.25,29.45,28.2492857142857,0.56951348043361,3,25.17,9.81714285714286,137.44,7.44956418815266,1.72857280369833,0.711673604430896,0.65651916899027,0.146458718094126,0.128105744121002
2014,145,27.51,29.37,28.6771428571429,0.540248213202165,0,16.55,6.51357142857143,91.19,4.66722056498274,1.70917632104663,0.729472954518614,0.668446016666036,0.148120795873768,0.131687815435176
2014,146,26.46,29.89,28.8878571428571,0.930741462668162,0,32.02,8.66214285714286,121.27,10.6419056842939,1.69887919183348,0.737457471782132,0.673868963961883,0.14901857541077,0.133429230922959
2014,147,28.82,29.88,29.53,0.270895949369154,0,21.36,2.63285714285714,36.86,5.67964439375921,1.66446402220788,0.758239834322446,0.68837233093369,0.152099747176396,0.138631956171662
2014,148,27.6,29.85,28.8442857142857,0.694314429831706,0,14.75,3.27714285714286,45.88,3.82500563814854,1.70104882576283,0.735850691095735,0.672773128044699,0.148828506935122,0.133070441935048
2014,149,26.38,28.42,27.5178571428571,0.554189339644696,0,19.45,7.17714285714286,100.48,6.26782311439997,1.75709755135407,0.676886881972766,0.63356858290732,0.144081105096828,0.121857484764869
2014,150,24.9,29.09,27.7157142857143,1.21349916348559,0,13.88,3.59357142857143,50.31,3.78094332377284,1.74995083968529,0.686794923853254,0.640072738302334,0.144669525120805,0.123561640534457
2014,151,23.29,27.96,26.3542857142857,1.60458340764446,0,5.21,1.11642857142857,15.63,1.67012946132401,1.79092005379668,0.612303040641881,0.591493106832263,0.141360054808324,0.111670097972473
2014,152,17.01,25.49,23.2871428571429,2.70323859492626,0,21.17,4.96857142857143,69.56,7.53662019449328,1.82213861011596,0.408224882380365,0.45895184974979,0.138938144198544,0.0842183069326576
2014,153,20.09,24.96,22.555,1.35454647533636,0,31.94,2.55428571428571,35.76,8.47595033408845,1.81961343870712,0.355901958519381,0.424631336619337,0.139130955826477,0.0777019932637914
2014,154,16.63,27.62,21.7907142857143,3.78072126672984,0,8.28,1.445,20.23,2.36636283712432,1.81371468671971,0.301064823757261,0.388322440982873,0.139583452025688,0.0709709491328187
2014,155,13.4,23.83,19.7671428571429,3.76431305117584,0,3.43,0.545714285714286,7.64,1.19164859485772,1.7842046109008,0.163956798714487,0.291810914982773,0.141892110027789,0.0537125739653071
2014,156,18.71,24.49,21.5914285714286,2.00059936074113,0,21.65,1.67642857142857,23.47,5.76648887591435,1.811670393343,0.286837580131864,0.378808232418416,0.139740958340038,0.0692310777916547
2015,157,18.54,25.62,23.0233333333333,2.44930169392804,0,5.09,0.680833333333333,8.17,1.57122105575906,1.82160251637797,0.389436121886599,0.446653850593287,0.138979033398247,0.0818641615577386
2015,158,16,24,20.69,2.44915684078608,0,15.8,1.25142857142857,17.52,4.21237527940063,1.80000029401845,0.223789923184574,0.335713633724464,0.140646953116237,0.0614576258223835
2015,159,15.51,21.65,18.9385714285714,1.75586427170762,0,15.95,1.30214285714286,18.23,4.22862621549005,1.7668987826,0.11697735230969,0.252918034438421,0.143281867334524,0.0470068124207329
2015,160,10.41,23.26,17.3171428571429,3.75403870430322,0,16.64,2.03428571428571,28.48,4.8998880902224,1.72464888481647,0.0509615303280119,0.179831027248334,0.146791940777538,0.034910510934658
2015,161,22.86,25.2,23.9921428571429,0.691611035319582,0,11.44,1.24428571428571,17.42,3.14407798466043,1.821350865971,0.457887126993391,0.491325272194503,0.138998235700763,0.0905331290941103
2015,162,23.85,26.1,24.8278571428571,0.684140995043347,0,1.11,0.12,1.68,0.313246032573562,1.81583461585715,0.515111051668383,0.52849084178418,0.13942049278674,0.0980378727229079
2015,163,17.85,25.84,22.9121428571429,2.47626946020833,0,17.19,1.24714285714286,17.46,4.5892339373656,1.82124819438004,0.381490226983497,0.441445694233533,0.139006071628916,0.0808738580225762
2015,164,25.23,27.61,26.4678571428571,0.725175613441096,0,0.02,0.005,0.07,0.0075955452531275,1.78821605625354,0.619030466215335,0.595859719231089,0.141573808196548,0.112674813484313
2015,165,23.16,29.21,25.7807142857143,2.13498140610067,0,68.17,8.95714285714286,125.4,18.643592187943,1.802710464135,0.577149263826919,0.568701638018348,0.140435506421438,0.10657093231379
2015,166,23.07,27.64,26.1792857142857,1.57218350996663,0,12.94,2.71285714285714,37.98,4.41128522798485,1.794844125265,0.601778864415785,0.584666681198065,0.141050999024579,0.110118479792875
2015,167,25.44,28.62,27.345,0.952460376724811,0,3.73,0.343571428571429,4.81,0.999242845226456,1.76300125919619,0.667952766703855,0.627719041689947,0.143598625152118,0.120361052700165
2015,168,25.89,29.24,27.2371428571429,0.943507601138747,0.06,25.84,7.48857142857143,104.84,7.20618308990791,1.76652599361631,0.662251756281058,0.623993069645772,0.143312104026143,0.119423947936417
2015,169,28.12,29.59,29.1085714285714,0.439175050833634,0,8.6,1.39428571428571,19.52,2.5851073903767,1.68756511615589,0.745224767857077,0.679208811521818,0.150017652378778,0.135235865151056
2015,170,28.24,29.37,28.815,0.330611321877891,0,9.22,1.85285714285714,25.94,2.78896294090013,1.70249526596621,0.734757657028796,0.672029027868235,0.148702062215925,0.132828902810874
2015,171,27.34,29.46,28.5892857142857,0.728533450852457,0.03,27.55,8.46428571428571,118.5,8.09101088510312,1.71332429108907,0.725987575535249,0.666094758745097,0.147762194395261,0.13095716091549
2015,172,28.23,29.73,29.2335714285714,0.447963033207963,0,10.24,2.3,32.2,3.5389176963499,1.68091788255675,0.749340604728737,0.682071858274999,0.150610901097055,0.136250723961592
2015,173,27.78,29.92,29.2642857142857,0.59374579235062,0,13.16,4.14071428571429,57.97,4.09129369098994,1.67925808363696,0.750319866116076,0.682757003019826,0.150759766726099,0.13649913787852
2015,174,26.86,29.71,28.8014285714286,0.835729595050909,0,44.53,10.925,152.95,13.2959628054187,1.70316234076554,0.734247593701351,0.671682154996947,0.148643820323219,0.132716865699734
2015,175,27.11,29.89,28.7307142857143,0.936042933644806,0,50,12.1264285714286,169.77,14.3217718108549,1.70660509275066,0.731553661612046,0.669853978416587,0.148343959617501,0.132132035382482
2015,176,26.54,29.04,27.9664285714286,0.77054034130759,0,17.27,5.45285714285714,76.34,5.91374725477904,1.74029103420047,0.698832214489484,0.648006292304679,0.145472539929699,0.125706677022937
2015,177,25.7,28.14,26.9921428571429,0.761942644433683,0,29.28,5.32428571428571,74.54,8.8827730547874,1.77408423697622,0.648958353589149,0.61532126127822,0.142701542398868,0.117286292926691
2015,178,25.75,28.06,26.6235714285714,0.735439242304134,0,8.63,1.845,25.83,2.70766930715756,1.78430431434927,0.628118616154417,0.60176207996667,0.14188418137315,0.114049217051686
2015,179,24.9,27.95,27.1042857142857,0.913671496981056,0,21.65,2.93428571428571,41.08,6.05055205909182,1.77070142080345,0.655101445749142,0.619325754876648,0.142974164919997,0.118266253095859
2015,180,21.1,27.03,24.3335714285714,1.81965595709678,0,43.44,5.39714285714286,75.56,11.5281330989563,1.81972911554322,0.481523849588195,0.506690137008253,0.13912211152727,0.0935986480260823
2015,181,22.24,25.85,24.4142857142857,1.0783442741659,0.02,69.46,12.9607142857143,181.45,19.8466367870791,1.81922071029279,0.487062782374256,0.510287719965812,0.139160991038454,0.0943236082395441
2015,182,21.89,26.95,25.7358823529412,1.40792870391015,0,6.3,0.535294117647059,9.1,1.52970633475456,1.80350430464047,0.574325145035361,0.566871550363811,0.1403736915463,0.10617086972704
2016,183,16.55,25.39,20.7029411764706,2.49056912347831,0,29.52,4.36764705882353,74.25,7.14642351933098,1.80019483386894,0.224670621791703,0.336331811988393,0.140631753962947,0.0615679883362289
2016,184,12.41,23.14,17.5628571428571,3.16741930519864,0,30.68,7.23357142857143,101.27,12.3424437220903,1.73177375997366,0.0586532219342488,0.190544456713578,0.146188008395436,0.0366432937580921
2016,185,13.28,24.65,18.6364285714286,3.81226080135953,0,10.35,2.14,29.96,4.25599486697203,1.7598689638751,0.101901693358499,0.238931945850238,0.143854208556855,0.044640114042795
2016,186,15.88,24.52,20.4321428571429,2.61399540512641,0,8.38,1.80428571428571,25.26,3.06397357461419,1.79596597713852,0.206458416119697,0.323406718948584,0.140962891382491,0.059268491499478
2016,187,20.92,24.89,23.2192857142857,1.29992582205953,0,0.02,0.00142857142857143,0.02,0.00534522483824849,1.82204228188721,0.403399073759188,0.455796925564818,0.138945489618279,0.0836122030934994
2016,188,16.57,27.06,24.4335714285714,2.93727662232279,0,14.2,1.98857142857143,27.84,4.15177414744933,1.81909200306244,0.488383285271382,0.51114524550845,0.139170837173614,0.0944968342356634
2016,189,21.56,27.31,24.2142857142857,1.98496934402103,0,10.4,1.38785714285714,19.43,2.92234147052148,1.82039198694508,0.473302598394873,0.501348380539639,0.139071452070539,0.0925273732443575
2016,190,22.07,25.42,23.9785714285714,1.08721844909105,0,12.29,1.19928571428571,16.79,3.4068922547044,1.82139802622995,0.456941162089114,0.490709896582314,0.138994636711033,0.0904113392376097
2016,191,21.54,27.77,25.0271428571429,1.95028766545399,0,58.67,4.57857142857143,64.1,15.6343541143032,1.81372072220091,0.528407429971575,0.537113141315223,0.139582987536701,0.0998264496713421
2016,192,24.54,28.31,26.9435714285714,1.17730858083405,0,44.53,4.78285714285714,66.96,12.1624102043149,1.77550948503806,0.646268034168587,0.61356883492817,0.142586992125586,0.116861097999241
2016,193,25.81,29.66,27.4764285714286,1.17112442446668,0,5.99,1.815,25.41,2.33415690593809,1.75854123426892,0.674768791073801,0.632180566251425,0.143962821018111,0.121499462636788
2016,194,27.87,29.28,28.6307142857143,0.410130641207339,0,20.75,8.90642857142857,124.69,7.38325194888129,1.71137899041074,0.727642228332577,0.667209965207297,0.147930153624981,0.131302024349489
2016,195,26.46,29.41,28.5564285714286,0.796778196555035,0.01,29.79,5.98428571428571,83.78,7.41372294546322,1.71485360582153,0.724661202364807,0.665202132727828,0.147630419356259,0.130683238200635
2016,196,27.97,30.13,29.5135714285714,0.631525712283138,0,15.6,3.21571428571429,45.02,5.10680950268397,1.66540126671745,0.757779657320465,0.688041715085025,0.15201414939537,0.138500953694132
2016,197,27.68,29.73,28.9992857142857,0.60344478156299,0,11.86,3.72714285714286,52.18,3.69061476757428,1.69323478552404,0.741457737754592,0.676609416556056,0.149515329549336,0.134343612641013
2016,198,27.65,29.69,28.7957142857143,0.552640017562056,0,41.51,7.72714285714286,108.18,10.579077630705,1.7034426030266,0.734032163155559,0.671535717029298,0.148619364404891,0.132669672497678
2016,199,28.11,30.38,29.3028571428571,0.735175840519475,0,13.78,4.77142857142857,66.8,4.46633192666207,1.67715890517969,0.751531320713472,0.68360701403318,0.150948461818472,0.136810558869159
2016,200,26.71,29.99,28.4735714285714,0.867441925724999,0,34.59,8.91357142857143,124.79,10.3595415752026,1.71865711760727,0.721260467515964,0.662919520936478,0.147303702622478,0.129990889221661
2016,201,27.7,29.37,28.6114285714286,0.524783576532081,0,18.88,3.82714285714286,53.58,5.32603681285326,1.71228692575802,0.726874418279856,0.666692249579661,0.147851714075286,0.131141556649819
2016,202,26.4,28.8,27.8757142857143,0.687981599549495,0,30.67,8.47642857142857,118.67,10.6146586648572,1.74386459784419,0.694545668637986,0.645176639673413,0.145174434571924,0.124932486806715
2016,203,22.64,27.08,25.9092857142857,1.32188946521324,0,19.4,2.52,35.28,5.35861348312588,1.80033287598834,0.585189891952199,0.573912534983735,0.140620970898531,0.10771717633021
2016,204,23.84,25.66,24.6792857142857,0.657038393512472,0,13.61,3.68214285714286,51.55,4.9899625072916,1.8172039679007,0.505102289142192,0.521997764469171,0.139315432628342,0.0967037858913324
2016,205,19.35,23.84,22.5414285714286,1.17955569955456,0,3.01,0.222857142857143,3.12,0.802730231258188,1.81953672574411,0.354927725072866,0.423990075396278,0.139136821686571,0.0775817574545911
2016,206,19.24,26.19,23.6471428571429,1.93164508832569,0,5.84,0.656428571428571,9.19,1.60320163875462,1.82215284960247,0.433704409281349,0.475581487926108,0.138937058445595,0.0874394304893272
2016,207,21.63,26.33,24.34,1.64574509662855,0,17.31,3.04285714285714,42.6,5.11588841607343,1.81969040523121,0.481965725849648,0.506977177872115,0.139125071074855,0.0936563863690621
2016,208,17.05,26.23,23.4923076923077,2.31203789561703,0,2.76,0.347692307692308,4.52,0.858439998351213,1.82225059575575,0.422771803360225,0.468452421675146,0.138929605813645,0.0860529740427602
2017,209,14.75,25.38,21.3186666666667,2.91556871851461,0,6.44,1.22533333333333,18.38,2.13778211727771,1.808550459997,0.267496692417269,0.365770733498827,0.139982025695012,0.0668614780744427
2017,210,12.4,24.6,20.8385714285714,3.08649878102596,0,18.73,2.06714285714286,28.94,5.34854319284366,1.80218756338404,0.233957838057904,0.34281292620426,0.140476253474221,0.0627269502711361
2017,211,16.16,24.72,21.2464285714286,2.36784097420432,0,0.01,0.000714285714285714,0.01,0.00267261241912424,1.80766319345154,0.262397493624287,0.362316222212684,0.140050733941556,0.066236319819348
2017,212,19.15,24.76,22.1842857142857,1.61814097648512,0,32.82,2.65142857142857,37.12,8.75838662447236,1.81714709651467,0.32928577956117,0.407064170641493,0.13931979279366,0.0744263982910112
2017,213,21.4,25.41,23.1228571428571,1.32536455693941,0,5.12,0.367142857142857,5.14,1.36797114550894,1.82185562704358,0.396534560864437,0.451303460613048,0.138959725021048,0.0827515602041713
2017,214,16.4,23.26,20.605,2.19099117015389,0,27.15,4.21571428571429,59.02,9.20405405183015,1.79870358646755,0.218031203468295,0.331654447176107,0.140748347235584,0.0607339990577485
2017,215,19.36,26.84,24.0557142857143,2.3424698152089,0,0.05,0.00357142857142857,0.05,0.0133630620956212,1.8211125866341,0.462311985118659,0.494203271799561,0.139016422608961,0.0911036960875432
2017,216,22.88,25.04,24.0435714285714,0.652198732606241,0,35.87,5.74428571428571,80.42,12.5102669923459,1.82116031981578,0.461467591169906,0.493654125932605,0.139012778945038,0.0909947019430772
2017,217,22,27.98,25.315,2.01750702982285,0,10.94,1.415,19.81,3.36574543120722,1.81009022810127,0.547330305606153,0.549378747325817,0.139862948836306,0.102407077103586
2017,218,23.96,28.27,26.6735714285714,1.35356854359053,0,10.8,1.22285714285714,17.12,2.92080186190086,1.78299759471738,0.631001821051223,0.603636015081525,0.141988165161913,0.114489727069527
2017,219,26.95,29.08,27.9485714285714,0.765122988030805,0,19.13,4.71142857142857,65.96,6.71234552280962,1.74100154710418,0.697994685919811,0.647453006222764,0.145413171736186,0.125554455343092
2017,220,25.67,29.08,27.5528571428571,0.833532137458312,0.49,78.79,16.8964285714286,236.55,22.2485244479244,1.75586370344536,0.678664741447458,0.634734255726815,0.144182351093235,0.122159635625134
2017,221,27.54,29.4,28.93,0.444020096565286,0,11.97,2.04714285714286,28.66,3.52022820189354,1.69676064995801,0.738988909881493,0.6749159691175,0.149204637064333,0.133775596100708
2017,222,27.97,29.52,28.8671428571429,0.430642249730269,0.06,45.52,7.43071428571429,104.03,11.6430999469053,1.69991328423907,0.736696505110224,0.673349675828189,0.148927924329593,0.133258745148474
2017,223,28.1,29.52,29.095,0.378250019065534,0,17.68,4.77714285714286,66.88,5.32762384409559,1.68827639584957,0.744765466699993,0.678890844023738,0.149954449155601,0.135125311899256
2017,224,26.74,30.42,29.3021428571429,1.12961653514966,0,23.31,5.10857142857143,71.52,8.23180404299069,1.67719792833665,0.751509076126642,0.683591378900356,0.150944949719262,0.136804797317007
2017,225,26.52,30.19,28.8485714285714,1.25193915521149,0,43.92,9.49785714285714,132.97,13.3891127864691,1.70083635333717,0.736009769187919,0.672881512838807,0.148847098937707,0.133105763198665
2017,226,26.2,30.58,29.1371428571429,1.19755795473332,0,106.69,13.3228571428571,186.52,31.0779475187475,1.68606101112967,0.746183794671113,0.679873689809626,0.150151480457047,0.135468374857629
2017,227,28.12,29.46,28.7528571428571,0.401217926039981,0,5.64,0.744285714285714,10.42,1.6075481296095,1.70553302388717,0.73240368304857,0.670430170996762,0.148437206091164,0.13231535387205
2017,228,26.53,29.04,27.8757142857143,0.784069407109367,0,31.61,8.01714285714286,112.24,10.0476177265072,1.74386459784419,0.694545668637986,0.645176639673413,0.145174434571924,0.124932486806715
2017,229,26.27,28.69,27.3828571428571,0.589098771546303,0,11.2,3.08214285714286,43.15,2.67279219765924,1.76173522348716,0.669931057042975,0.62901312648963,0.143701819426028,0.120689365125551
2017,230,17.61,27.17,22.6028571428571,2.66733640857008,0,60.24,6.19428571428571,86.72,16.5165808131781,1.81987555345174,0.359336613251384,0.426891371569118,0.139110916942562,0.0781261643743166
2017,231,22.5,26.13,24.6921428571429,1.39309383731335,0,9.25,1.73928571428571,24.35,3.03152783081584,1.81709233332093,0.505971531330207,0.522561778961871,0.13932399158789,0.0968192513660806
2017,232,21.57,24.62,23.42,0.863124912967187,0,16.05,2.5,35,4.67740559251847,1.82224218195553,0.417652976015402,0.465110858103859,0.13893024729037,0.0854060257736784
2017,233,12.75,25.44,19.3464285714286,4.84660961139586,0,16.12,1.22857142857143,17.2,4.29569884552311,1.77578003681861,0.139175750028656,0.271981204417133,0.142565268058526,0.0502729644035449
2017,234,16.43,23.34,21.7392857142857,1.90474090418826,0,0.47,0.0335714285714286,0.47,0.125612783698839,1.81320646596481,0.297384130736105,0.385868386215861,0.139622575649329,0.0705212863277302
2018,235,11.14,23.74,17.8471428571429,4.14884122575009,0,14.38,1.86428571428571,26.1,3.79671662662058,1.73969104911023,0.0685657326524728,0.203130368044975,0.145522710536165,0.0386931277258534
2018,236,12.06,24.41,20.3728571428571,3.87653776647991,0,0.22,0.0214285714285714,0.3,0.0609990091794868,1.79499624425692,0.202533356565541,0.320580532058958,0.141039045497741,0.0587676861601667
2018,237,16.83,25.74,22.5435714285714,2.74845581020677,0,2.86,0.408571428571429,5.72,0.8260644149111,1.81954890808918,0.355081560814735,0.424091337464147,0.139135890129982,0.0776007405278612
2018,238,22.69,25.71,24.4328571428571,0.914073120887859,0,4.41,1.10785714285714,15.51,1.53158127723971,1.81909681996562,0.488334398415373,0.51111349974073,0.139170468654225,0.0944904184358562
2018,239,17.47,24.85,21.3935714285714,2.65429581315577,0,3.96,0.623571428571429,8.73,1.16277259594906,1.80944371408789,0.272792391552472,0.369352240157642,0.139912921850482,0.0675107983048017
2018,240,15.96,25.6,19.8035714285714,3.06002917819889,0,4.18,0.298571428571429,4.18,1.11715199119393,1.7848985729621,0.166184754430935,0.29353462096611,0.141836942892441,0.0540131062829128
2018,241,22.21,26.12,24.0514285714286,0.949087473822636,0,4.98,0.380714285714286,5.33,1.32599143915159,1.82112955365155,0.46201400750297,0.494009487373121,0.139015127427044,0.0910652270793281
2018,242,20.65,26.8,24.2835714285714,1.93372341965863,0,25.42,2.28285714285714,31.96,6.82722652165738,1.82001973341819,0.478082851752288,0.504454645304149,0.139099896728348,0.0931495871623455
2018,243,23.52,26.22,25.09,0.97962316145625,0,27.03,2.93357142857143,41.07,7.11754668963407,1.8129868505625,0.53256896001745,0.539811058498478,0.139639488771514,0.100390295574233
2018,244,24.37,26.61,25.6342857142857,0.745052546269923,0,40.38,12.1664285714286,170.33,14.3127369887765,1.80523663998312,0.567887323324535,0.562699864819407,0.140238986598673,0.105263594295632
2018,245,23.86,28.59,26.4178571428571,1.26874364611628,0,32.29,8.45357142857143,118.35,11.2006631720852,1.78942188205304,0.616078778438022,0.593943608524401,0.141478406797823,0.112232714476347
2018,246,26.81,28.79,27.9707142857143,0.615098044538921,0,22.27,4.99,69.86,5.95531824377299,1.74011999573215,0.6990327594564,0.648138806729237,0.145486838599028,0.125743197107051
2018,247,28.02,29.37,28.5271428571429,0.423182604183485,0,30.23,7.01357142857143,98.19,8.55188382948266,1.71620662323573,0.723468380614096,0.664400500751165,0.14751403096482,0.130438786810866
2018,248,27.83,29.23,28.545,0.442262539501317,0,7.3,2.94214285714286,41.19,2.46130727794876,1.71538274128214,0.724196895233795,0.664889974720649,0.147584880545551,0.130587876354575
2018,249,27.26,30.15,29.1985714285714,0.673382473817039,0.14,27.54,7.50428571428571,105.06,8.68393628779884,1.68279655343056,0.748209164294268,0.681282228858804,0.150442759373331,0.135967186509827
2018,250,27.48,29.25,28.6371428571429,0.471175756386715,0,24.75,7.89071428571429,110.47,8.66619911742496,1.71107542985545,0.727897209052226,0.66738198066336,0.14795639779797,0.131355485514783
2018,251,27.81,29.62,28.8221428571429,0.440492356895687,0,17.19,3.76785714285714,52.75,4.54917266962049,1.70214335315138,0.735025213795654,0.672211072946142,0.148732805902224,0.13288784322194
2018,252,25.18,28.71,27.7021428571429,0.901222917625128,2.15,63.19,15.085,211.19,16.9580168243632,1.75045441247461,0.686126504886785,0.639633316808128,0.14462790642124,0.123445058900357
2018,253,28.15,29.36,28.915,0.334382323787515,0,4.78,1.09642857142857,15.35,1.44490408062189,1.69751696641338,0.738446414829084,0.674544768232762,0.149138160013168,0.133652388480718
2018,254,27.36,29.63,28.5071428571429,0.73560470751232,0,11.84,2.80857142857143,39.32,3.12264645439103,1.71712518494202,0.722648067047627,0.66384979877397,0.147435119572003,0.130271681661001
2018,255,27.25,29.05,28.1478571428571,0.543580417536973,0,4.66,0.985,13.79,1.6692317440621,1.73287537656546,0.70716275195396,0.653521750470644,0.146095074340427,0.127248152405201
2018,256,22.31,26.97,25.2278571428571,1.46814995341562,0,7.5,1.04857142857143,14.68,2.37035166862789,1.81126256522447,0.541638884072883,0.545690137940805,0.139772422741289,0.101626287444819
2018,257,20.89,27.34,25.7235714285714,2.05319116402832,0,8.31,1.82857142857143,25.6,2.46532212637886,1.80371913202452,0.573547827507211,0.566367841564989,0.140356972694452,0.106060979539079
2018,258,13.73,26.92,22.9221428571429,3.98928020993845,0,0.47,0.0342857142857143,0.48,0.125435505077573,1.82128311977382,0.382205469956967,0.441914653874171,0.139003406012715,0.0809628712222235
2018,259,14.61,26.23,21.3407142857143,3.51888851395243,0,6.93,0.629285714285714,8.81,1.84377732797777,1.80881622233185,0.26905397821597,0.366824987733447,0.139961458680228,0.067052486694444
2018,260,16.82,25.36,21.1053333333333,3.01286969673828,0,25.89,1.77666666666667,26.65,6.67362363195231,1.8058578626685,0.252485432458677,0.355568265778062,0.140190743798588,0.0650183052908528
2019,261,15.07,25.03,21.6966666666667,2.9657344709837,0,1.33,0.158666666666667,2.38,0.422050549894994,1.81277506308937,0.294340285732001,0.383834014537254,0.13965580292713,0.0701489949012389
2019,262,14.75,23.18,18.8207142857143,2.57720022291847,0,21.31,4.70214285714286,65.83,7.17394878771735,1.76420222692083,0.110957950769298,0.247446762536397,0.143500871441416,0.0460778679515338
2019,263,12.98,23.93,20.9307142857143,3.20943432419464,0,1.52,0.179285714285714,2.51,0.448286726338165,1.80349293697218,0.240318377540676,0.347217905532994,0.140374576341316,0.063516666880718
2019,264,18.41,26.64,24.3642857142857,2.50857211694902,0,19.97,2.30142857142857,32.22,5.46208731184314,1.81954138939307,0.483633916556026,0.508060766306881,0.139136465066327,0.0938745123147713
2019,265,17.04,25.71,23.385,2.55855052114098,0,6.74,0.605,8.47,1.80390068803903,1.82222590890265,0.415171851804657,0.463490701543125,0.138931487981356,0.0850930056777769
2019,266,18.45,25.41,22.8242857142857,2.45121544195061,0,32.14,2.79428571428571,39.12,8.54949725403215,1.8209156122582,0.375205505497263,0.437320980033802,0.139031460468431,0.0800922603042777
2019,267,21.4,26.58,23.7878571428571,1.69478012447918,0,11.93,1.75428571428571,24.56,4.19749323412789,1.82192457530699,0.443600578432476,0.482027404904161,0.138954466278807,0.0887006040051426
2019,268,21.25,27.56,25.0271428571429,1.89457699184329,0,27.6,4.02571428571429,56.36,9.32730871752876,1.81372072220091,0.528407429971575,0.537113141315223,0.139582987536701,0.0998264496713421
2019,269,22.59,27.92,25.6457142857143,1.61377586035748,0,11.4,2.23571428571429,31.3,3.98723485115208,1.80504636111039,0.568614097816935,0.563170805059822,0.140253769884497,0.105365697843153
2019,270,25.51,28.38,27.3092857142857,0.83149970429445,0,11.78,4.78142857142857,66.94,4.49045972829382,1.76418185441626,0.66607551180369,0.626491640439165,0.143502528567721,0.120051033020658
2019,271,26.47,29.23,27.5021428571429,0.911779144744608,0,0.54,0.0585714285714286,0.82,0.154812896643119,1.7576472956781,0.676085206777323,0.633043141273384,0.14403604044141,0.121721730718289
2019,272,26.12,29.74,28.6014285714286,0.921168631875645,0.02,65.33,12.85,179.9,16.9374977717853,1.71275608552741,0.726474606192771,0.666422821351195,0.147811214393711,0.131058301621641
2019,273,26.69,30.61,29.2407142857143,1.19445168808321,0,25.68,5.26,73.64,8.23561589869083,1.68053281430811,0.749569481541424,0.682231846605991,0.15064541126872,0.136308528519809
2019,274,27.65,30.62,29.155,0.95696435107624,0,39.13,6.70285714285714,93.84,10.9728710418513,1.68511635100192,0.746777727855883,0.680286107477006,0.150235653942531,0.135613531456377
2019,275,28.62,30.07,29.2307142857143,0.501742567852882,0.02,19.17,5.22214285714286,73.11,4.9802041641366,1.68107175175262,0.749248860842985,0.682007752522736,0.150597115618703,0.13622759640575
2019,276,27.13,29.82,28.9214285714286,0.670520545694017,0,21.66,9.51,133.14,6.69285727186367,1.69719313654218,0.738679274940166,0.674704052689163,0.149166616050437,0.133705201914578
2019,277,28.6,29.99,29.1407142857143,0.386731158572708,0.01,16.46,6.05428571428571,84.76,4.4812905323316,1.68587236180623,0.746302918159893,0.679956366504685,0.150168282426071,0.135497416172945
2019,278,28.66,30.08,29.5128571428571,0.506943003493695,0,15.28,5.73,80.22,5.80051721831769,1.66544194919531,0.757759559240603,0.688027290007017,0.152010436079352,0.138495255292569
2019,279,27.32,30.3,28.8278571428571,0.992883745394259,0,12.69,3.92785714285714,54.99,5.05695891979394,1.70186141530568,0.735238812474425,0.672356450488002,0.148757445632877,0.132934982364966
2019,280,26.28,28.83,27.6778571428571,0.718161954858786,0,7.66,1.70857142857143,23.92,2.66428762926013,1.75135061469164,0.684926212840239,0.638844485217376,0.14455389733974,0.123236323019104
2019,281,26.64,28.47,27.6628571428571,0.494950324957792,0,31.58,5.78642857142857,81.01,9.06541153305994,1.7519009957976,0.684182193282913,0.638355670970659,0.14450848396645,0.123107323956419
2019,282,26.61,28.81,28.0864285714286,0.542126967002794,0,5.03,1.04642857142857,14.65,2.07032738824213,1.73542639793677,0.70437906283704,0.651676138848553,0.145880319247771,0.126727290361336
2019,283,16.59,27.62,24.445,3.10572610115326,0,14.24,2.13857142857143,29.94,4.2431226838132,1.81901440908553,0.489165257850638,0.511653026192813,0.139176773805381,0.0945994872156824
2019,284,19.46,23.22,21.5614285714286,1.4015478100073,0,0.91,0.065,0.91,0.243207730140306,1.81134528458291,0.284701824439886,0.377374998725033,0.139766039703645,0.0689697738668636
2019,285,15.85,25.54,21.4864285714286,3.01549487491843,0,7.87,1.17785714285714,16.49,2.7576778931988,1.810512876429,0.279370063274185,0.373791019423256,0.139830299059435,0.0683172378993416
2019,286,18.86,25.22,22.7835714285714,2.21925007133511,0,56.95,6.91785714285714,96.85,14.6572398380572,1.82074592443891,0.372291292779604,0.435406825520473,0.139044417765231,0.0797303360313769
2020,287,17.36,25.5,21.9969230769231,2.75859681908328,0,2.67,0.437692307692308,5.69,0.896243585250441,1.81561499994532,0.315843188761696,0.398151551645894,0.139437357022084,0.0727783528513198
2020,288,11.19,24.97,20.0535714285714,4.24054351948655,0,9.97,1.16428571428571,16.3,2.82957652250355,1.78950682468459,0.181821875853007,0.305388529297588,0.141471691233503,0.0560882613962425
2020,289,16.01,24.34,20.3242857142857,2.2206399434041,0,34.59,3.96642857142857,55.53,9.14158259917737,1.79419012386135,0.199334724207274,0.318266214383574,0.141102413615554,0.0583581401243682
2020,290,20.02,25.68,24.1164285714286,1.97136659800664,0,17.25,1.46642857142857,20.53,4.55419942663718,1.82085810463493,0.466528140001172,0.496944792580849,0.13903585145795,0.0916487275230524
2020,291,14.88,26.62,21.0757142857143,3.77288445925093,0,5.13,0.753571428571429,10.55,1.68544724556493,1.8054668396837,0.250414155518136,0.354151731628624,0.140221105919828,0.0647631394256858
2020,292,22.3,25.35,24.1021428571429,0.995491209028361,0,2.9,0.220714285714286,3.09,0.772632505794954,1.82092036113409,0.4655369841167,0.496300364805511,0.139031097880827,0.0915204761634305
2020,293,22.88,26.33,24.9521428571429,0.961850608674026,0,1.05,0.114285714285714,1.6,0.303915835659867,1.81455400737995,0.523421371126827,0.533880263143121,0.139518887799637,0.0991534797859258
2020,294,26.52,28.56,27.7135714285714,0.689800496719685,0,11.81,1.17142857142857,16.4,3.14069286119347,1.75003048253286,0.686689495550795,0.640003422697264,0.144662941296665,0.123543236014051
2020,295,23.03,29.46,25.8157142857143,2.11448744211384,0,15.87,3.34285714285714,46.8,5.86844158132349,1.8020781105639,0.579346774153602,0.570125713606629,0.140484785580579,0.10688312693335
2020,296,23.17,27.65,25.2078571428571,1.21683813835081,0,28.97,5.58428571428571,78.18,9.45144572928535,1.81152257675767,0.540328011389685,0.544840507955838,0.139752360920143,0.1014470309188
2020,297,24.46,28.47,27.3771428571429,1.22595287004046,0,89.79,19.025,266.35,28.4750573039202,1.76192728784525,0.669633238498432,0.6288182544498,0.143686154762739,0.120639829053471
2020,298,26.31,29.45,28.1042857142857,1.01212430283815,0,48.77,7.89571428571429,110.54,13.2459559658995,1.73468907361992,0.705192215360093,0.652214982226906,0.145942325233954,0.126878816744116
2020,299,27.04,30.17,28.7214285714286,1.23505127357193,0,19.94,4.56785714285714,63.95,7.01001281527571,1.70705305188106,0.731195465489725,0.669611342388153,0.148305031693687,0.132055108770915
2020,300,28.3,30.05,29.355,0.596009163584691,0,11.98,3.415,47.81,3.94401932824098,1.67429498847182,0.753136128378583,0.684737519578636,0.151206662329616,0.137230586864034
2020,301,27.02,30,28.27,0.965018931659653,0.86,39.14,11.8764285714286,166.27,11.033059138609,1.72768023041859,0.712581621979751,0.657123552925315,0.14653438321783,0.12828050565261
2020,302,28.6,30.06,29.4021428571429,0.444473388862138,0,15.25,3.43357142857143,48.07,5.03865306657193,1.6716798553989,0.754554419016086,0.685741038532584,0.151443206152421,0.137609369889635
2020,303,28.98,30.15,29.67,0.360213611838651,0,17.87,4.42142857142857,61.9,5.47390854191726,1.65635695199096,0.761999142395841,0.691098389802787,0.152844202246212,0.139743538218353
2020,304,28.14,30.41,29.7121428571429,0.592727445100886,0,9.16,2.79214285714286,39.09,3.64028565779249,1.65387456197325,0.763073095301113,0.691886478621825,0.153073614397922,0.14007644154359
2020,305,26.39,29.46,28.5192857142857,0.88104364936586,0,68.91,10.4028571428571,145.64,18.6884503323356,1.71656801416951,0.7231466734998,0.664184466841837,0.147482974675203,0.130373154053231
2020,306,26,28.91,27.8164285714286,0.895867496580031,0,29.3,9.36785714285714,131.15,9.55096787569916,1.74615194923493,0.691701798592845,0.643302088551226,0.144984265013677,0.12442532139504
2020,307,26.63,28.81,27.8707142857143,0.716041084830218,0,23.15,3.69428571428571,51.72,5.80701527237757,1.74405897371175,0.694307108194305,0.645019309978898,0.145158254839992,0.124889750008431
2020,308,24.54,28.17,26.8714285714286,1.12606091612008,0,44.71,12.1264285714286,169.77,14.3681124541293,1.77758214589104,0.642240019825233,0.610946270604436,0.142420735687082,0.116228746141755
2020,309,24.37,27.04,25.9142857142857,0.968581153311095,0,94.49,14.485,202.79,25.0005325327897,1.800237368348,0.585500795541812,0.574114038032705,0.140628431235345,0.107761718707956
2020,310,23.35,25.54,24.0414285714286,0.597145223193167,0,5.23,1.04571428571429,14.64,1.81640267598313,1.82116863427053,0.461318540742908,0.493557189002442,0.139012144289115,0.0909754681281058
2020,311,13.42,24.01,19.3507142857143,3.53598525990165,0,23.03,2.74642857142857,38.45,6.21991665433012,1.77586964022441,0.139419244272148,0.272182419407262,0.142558074775147,0.0503076711602492
2020,312,12.55,24,20.1035294117647,3.18887507825344,0,7.08,0.431764705882353,7.34,1.71410412203474,1.79039523164362,0.185014564095306,0.307762026300974,0.141401491965333,0.0565055850664223
2021,313,14.39,25.08,19.0088235294118,2.83619878171678,0,7.46,0.505294117647059,8.59,1.81255385315533,1.76847840798654,0.120665327382091,0.256188562291888,0.14315388631194,0.0475642430737169
2021,314,17.57,23.2,20.0871428571429,1.97689122136219,0,0.14,0.01,0.14,0.0374165738677394,1.79010502655244,0.183964897795898,0.306983343907999,0.141424415443151,0.0563686276417233
2021,315,13.23,26.37,21.6835714285714,4.75231216137165,0,18.84,1.49428571428571,20.92,5.00744632335871,1.81264065383851,0.293405952810697,0.383208810898547,0.139666158554877,0.0700346673802187
2021,316,20.34,26.41,24.3957142857143,1.76963583513981,0,30.58,3.15571428571429,44.18,8.09052980511613,1.81934200699912,0.485790098167251,0.509461192863562,0.139151713085327,0.0941567994952938
2021,317,18.54,25.11,21.6728571428571,1.85803216239211,0,12.27,1.16,16.24,3.33389815727429,1.81253003571979,0.29264151609719,0.382697241287418,0.13967468233512,0.0699411491170193
2021,318,19.55,26.31,23.3178571428571,2.49500478979478,0,0.11,0.00785714285714286,0.11,0.0293987366103667,1.82217260705042,0.410406800304023,0.460377860132642,0.138935551979254,0.0844927690485613
2021,319,19.88,26.54,22.7621428571429,2.36659176737489,0,30.06,2.30642857142857,32.29,8.01009901709937,1.82065268472723,0.370756801852895,0.434398710521421,0.139051538542044,0.0795399227432833
2021,320,23.63,27.26,25.4971428571429,1.14195128935202,0,25.19,2.135,29.89,6.69663951316112,1.80743009511172,0.559116244191783,0.557016331914738,0.14006879582603,0.104037533903348
2021,321,24.95,27.86,26.8007142857143,0.845999311562861,0,8.6,1.50928571428571,21.13,2.93691482364039,1.77956271051918,0.638255200337303,0.608353149970859,0.142262228504533,0.115608000681342
2021,322,24.62,27.91,25.99,1.13860913804113,0,14.39,2.23,31.22,4.24401660259204,1.79876301196419,0.590192037403014,0.577154707821635,0.14074369735098,0.108435892123076
2021,323,24.81,27.79,26.2707142857143,0.750399527284933,0,13.95,2.67357142857143,37.43,4.09171133492475,1.79283043323522,0.60730050196485,0.588247712671622,0.141209426317681,0.110929626466603
2021,324,25.7,28.97,27.4607142857143,0.954595881356764,0,52.91,7.755,108.57,14.9211866665645,1.75908408572837,0.673961528137092,0.631651757151708,0.143918394246173,0.121363556239843
2021,325,25.97,29.3,27.3928571428571,1.08833273031189,0,19.24,7.345,102.83,6.99411923305242,1.76139828467157,0.670451584063585,0.629353756196824,0.143729308223569,0.120776035586304
2021,326,26.23,28.83,27.75,0.700131855713347,0,29.76,6.96214285714286,97.47,8.42453667164362,1.74866984923807,0.688476064154402,0.641178371666103,0.144775502975781,0.123855953558739
2021,327,27.94,29.72,28.6842857142857,0.455288822713573,0,10.33,3.50357142857143,49.05,3.5729272789492,1.70883532872853,0.729752370056456,0.668634879342615,0.148150352878293,0.131747102229827
2021,328,26.6,28.95,28.1371428571429,0.754447618321649,0.42,29.56,9.04,126.56,8.60077098511881,1.73332329256317,0.706679984648638,0.653201471624425,0.146057321244242,0.127157383565215
2021,329,27.32,29.56,28.5871428571429,0.62353124123111,0,16.89,1.91714285714286,26.84,4.69704559937812,1.71342439321753,0.725901453468331,0.666036763093591,0.147753561793657,0.130939307408529
2021,330,27.14,29.25,28.3278571428571,0.494573298159885,0,18.86,7.13142857142857,99.84,6.15187758348602,1.72516219709202,0.715093747129465,0.658797514844142,0.146748263664,0.128767936255768
2021,331,26.98,28.37,27.7442857142857,0.389076110523661,0.07,19.15,8.50142857142857,119.02,6.06135534112863,1.74888422458517,0.688196622883326,0.640994547090065,0.144757756633133,0.123806922286971
2021,332,25.8,28.5,26.9378571428571,0.698461810766273,0,18.03,3.26214285714286,45.67,5.22077827763025,1.77567558209481,0.645950375490675,0.613361961711761,0.14257365450921,0.116811045843889
2021,333,24.91,27.27,26.34,0.775122819052171,0,39.18,4.36714285714286,61.14,10.3584706538038,1.79125136084616,0.611451080614176,0.590940253112974,0.141333909073729,0.111543589207843
2021,334,19.47,27.44,24.3457142857143,2.63489808381423,0,28.51,6.02285714285714,84.32,9.74222800972173,1.81965573798379,0.48235840089598,0.507232252156852,0.139127721621968,0.0937077096638101
2021,335,20.36,24.95,23.0221428571429,1.70406382406397,0,32.7,4.60642857142857,64.49,9.21312325489517,1.82159912063817,0.389351131228413,0.446598162700297,0.138979292476455,0.081853552336872
2021,336,18.38,23.52,20.5435714285714,1.47716259790835,0,3.61,0.258571428571429,3.62,0.964611178286218,1.79774610482906,0.213896506439432,0.328722257764783,0.140823309966842,0.0602122234509133
2021,337,23.43,25.54,24.4242857142857,0.638395998224809,0,5.09,1.39142857142857,19.48,1.8806825976137,1.81915432284651,0.487747632005388,0.510732463798208,0.139166069520637,0.0944134289620902
2021,338,17.37,24.77,21.9125,2.41996666017605,0,2.6,0.248333333333333,2.98,0.748596666902124,1.81486380125876,0.309789687962017,0.394129707190182,0.13949507218472,0.0720375514970449
2022,339,17.23,24.67,21.84125,2.11509140858419,0,21.74,3.125,50,6.32540275397543,1.81420084129908,0.304684346650802,0.390732932751525,0.139546047603387,0.0714132426407266
2022,340,10.66,23.21,17.4392857142857,4.29053065444163,0,36.38,2.78071428571429,38.93,9.68125426098985,1.72822347767002,0.0546865405012665,0.185135352096861,0.146488321813183,0.0357669588168177
2022,341,15.08,23.45,20.96,2.67947469019295,0,19.81,2.07642857142857,29.07,5.26829940032157,1.80389955135427,0.242350272393737,0.348618178518322,0.140342934711616,0.0637680526919538
2022,342,17.58,24.88,23.2942857142857,2.11092292715665,0,5.65,0.614285714285714,8.6,1.5581878739579,1.82214705249736,0.408732443612336,0.459283593193607,0.138937500469597,0.0842821287712216
2022,343,18.18,26.24,23.6728571428571,2.26915920915292,0,2.06,0.315,4.41,0.622769867360575,1.82212113956297,0.435516020252671,0.476761831372032,0.138939476341703,0.0876698219869813
2022,344,20.42,26.65,23.8714285714286,2.11960394392936,0,16.62,2.52571428571429,35.36,4.81623810152171,1.82172494930766,0.449457084120978,0.485839966926107,0.138969693014436,0.0894500716723207
2022,345,19.36,27.52,24.2085714285714,2.65549895975779,0,6.54,1.01928571428571,14.27,1.93205535947806,1.82042111841111,0.472907739963239,0.501091759263059,0.139069226566099,0.092476060150255
2022,346,22.26,25.89,24.8142857142857,0.973848150267904,0,20.32,2.67428571428571,37.44,5.6950041727353,1.81596695265816,0.514200098522168,0.527899973975265,0.139410332655807,0.09791602808197
2022,347,24.6,27.84,25.9328571428571,1.15886169992818,0,27.4,4.985,69.79,7.84499718095748,1.79988061741024,0.586654389427424,0.574861718192344,0.140656304931097,0.107927138833937
2022,348,24.03,28.54,26.4564285714286,1.52199063548548,0,14.66,2.70571428571429,37.88,4.24889617210384,1.78849381479777,0.618357205770345,0.595422632144617,0.141551821352343,0.112573794583266
2022,349,24.33,27.85,26.8507142857143,0.98620846825463,0,221.73,24.1157142857143,337.62,58.581615219779,1.77816753154926,0.641076465659645,0.610188957486844,0.142373849747133,0.116047004133981
2022,350,26.07,28.72,27.7535714285714,0.772972356385572,0,19.1,5.41357142857143,75.79,7.41104540237367,1.74853568639765,0.68865056234069,0.641293170827621,0.144786611409457,0.123886593839669
2022,351,26.62,28.81,28.1592857142857,0.632509827053051,0,5.83,1.26071428571429,17.65,1.93673581171919,1.73239621486378,0.707676410187976,0.653862617770153,0.146135482627993,0.127344935332709
2022,352,27.28,29.39,28.65,0.57610095269172,0,8.08,3.07857142857143,43.1,2.49231698546633,1.71046693534404,0.728405731742339,0.667725174499918,0.148009032931762,0.131462365586906
2022,353,25.66,29.56,28.5928571428571,0.929734689794133,0,40.08,4.48714285714286,62.82,10.5859292884989,1.71315734125251,0.726130995413539,0.666191350041683,0.147776594049986,0.130986913331909
2022,354,28.25,29.71,28.8471428571429,0.392475938927933,0,11.4,2.99857142857143,41.98,3.2382993094497,1.70090720012529,0.735956768137647,0.672845399018103,0.148840899105711,0.13309399018179
2022,355,28.24,30.13,29.3407142857143,0.575292090168976,0.02,25.45,3.25857142857143,45.62,6.7676718609565,1.67508261009394,0.752700205165026,0.684429929083275,0.151135565157486,0.137115621996389
2022,356,27.83,29.56,28.7821428571429,0.472589894931334,0,12.48,2.875,40.25,3.36782228199128,1.70410677405528,0.733518900937673,0.671187011833179,0.148561440407614,0.132557542042289
2022,357,27.15,28.89,27.9878571428571,0.599502082775988,0,16.97,6.52714285714286,91.38,5.23582691811747,1.73943384572535,0.699833145172366,0.648667799641555,0.14554422841902,0.125889226438945
2022,358,24.4,27.11,25.9992857142857,0.748418479047798,0,71.94,12.4421428571429,174.19,24.7952170259233,1.79857855323871,0.590765197318566,0.577526231711665,0.140758131751405,0.108518530823108
2022,359,18.94,28.58,25.545,2.95245855829706,0,14.95,2.99642857142857,41.95,4.08570793628954,1.8066834433955,0.562187307380094,0.559006345735741,0.140126682340225,0.104465544031573
2022,360,24.45,27.93,25.9771428571429,1.13273955572272,0,3.34,0.621428571428571,8.7,0.996847779004144,1.79901709975241,0.589397639418437,0.576639786441217,0.140723819132607,0.108321453587202
2022,361,21.94,26.24,24.7557142857143,1.37041102360802,0,53.7,7.21,100.94,14.4859730561884,1.81652130581877,0.510260906399821,0.525344679853944,0.139367788393715,0.0973901245126473
2022,362,22.83,26.43,25.235,1.18741963290801,0,18.66,1.72071428571429,24.09,4.97475235454098,1.81116888807406,0.542106636704129,0.545993302269006,0.139779652040751,0.10169030249232
2022,363,21.47,25.51,23.05,1.07144043949471,0,4.29,0.86,12.04,1.53849076895308,1.8216763085509,0.391339420811566,0.44790082839989,0.138973403657761,0.0821018433392745
2022,364,8.47,24.02,18.8830769230769,5.62734008304602,0,9.7,1.80615384615385,23.48,3.39658293598517,1.76563633727594,0.114118748438501,0.250339446500305,0.143384315114749,0.0465685323930122
